{"name":"db08db8d-9c2e-426d-9504-007d5e4f2bf2","id":"/providers/Microsoft.Flow/flows/db08db8d-9c2e-426d-9504-007d5e4f2bf2","type":"Microsoft.Flow/flows","properties":{"apiId":"/providers/Microsoft.PowerApps/apis/shared_logicflows","displayName":"Prod - Copy AccessRequest to AccessRequest_Trace Dashboard","definition":{"metadata":{"workflowEntityId":null,"flowclientsuspensionreason":"None","flowclientsuspensiontime":null,"creator":{"id":"437f5926-5eb7-45a1-b278-904a9439b04a","type":"User","tenantId":"740c5fd3-6e8b-4176-9cc9-454dbe4e62c4"},"provisioningMethod":"FromDefinition","failureAlertSubscription":true,"clientLastModifiedTime":"2020-11-19T13:18:54.9210015Z"},"$schema":"https://schema.management.azure.com/providers/Microsoft.Logic/schemas/2016-06-01/workflowdefinition.json#","contentVersion":"1.0.0.0","parameters":{"$connections":{"defaultValue":{},"type":"Object"},"$authentication":{"defaultValue":{},"type":"SecureObject"}},"triggers":{"When_an_item_is_created_or_modified_in_AccessRequest":{"recurrence":{"frequency":"Minute","interval":5},"splitOn":"@triggerOutputs()?['body/value']","type":"OpenApiConnection","inputs":{"host":{"apiId":"/providers/Microsoft.PowerApps/apis/shared_sharepointonline","connectionName":"shared_sharepointonline","operationId":"GetOnUpdatedItems"},"parameters":{"dataset":"https://007gc.sharepoint.com/sites/RetourauLieudeTravail-ReturntotheWorkplace","table":"36e39b82-b729-4441-a9f0-1217381da0a2"},"authentication":"@parameters('$authentication')"}}},"actions":{"Condition:_Update_or_Create":{"actions":{"Update_item":{"runAfter":{},"type":"OpenApiConnection","inputs":{"host":{"apiId":"/providers/Microsoft.PowerApps/apis/shared_sharepointonline","connectionName":"shared_sharepointonline","operationId":"PatchItem"},"parameters":{"dataset":"https://007gc.sharepoint.com/sites/RapportdeRetourauLieudeTravail-ReturntotheWorkplaceReporting","table":"AccessRequest_Trace","id":"@first(body('Filter_array'))?['ID']","item/Title":"@triggerOutputs()?['body/Title']","item/EmployeeLogin":"@triggerOutputs()?['body/EmployeeLogin']","item/EmployeeName":"@triggerOutputs()?['body/EmployeeName']","item/ManagerLogin":"@triggerOutputs()?['body/ManagerLogin']","item/ManagerName":"@triggerOutputs()?['body/ManagerName']","item/SeriesID":"@triggerOutputs()?['body/SeriesID']","item/EntryDate":"@triggerOutputs()?['body/EntryDate']","item/EntryDateID":"@triggerOutputs()?['body/EntryDateID']","item/BuildingID":"@triggerOutputs()?['body/BuildingID']","item/FloorID":"@triggerOutputs()?['body/FloorID']","item/EmployeeEmail":"@triggerOutputs()?['body/EmployeeEmail']","item/ManagerEmail":"@triggerOutputs()?['body/ManagerName']","item/StartHour":"@triggerOutputs()?['body/StartHour']","item/EndHour":"@triggerOutputs()?['body/EndHour']","item/CheckIn":"@triggerOutputs()?['body/CheckIn']","item/CheckOut":"@triggerOutputs()?['body/CheckOut']","item/CheckOutTime":"@triggerOutputs()?['body/CheckOutTime']","item/EquipmentEnglishText":"@triggerOutputs()?['body/EquipmentEnglishText']","item/EquipmentFrenchText":"@triggerOutputs()?['body/EquipmentFrenchText']","item/ReasonDetail":"@triggerOutputs()?['body/ReasonDetail']","item/ReasonEnglishText":"@triggerOutputs()?['body/ReasonEnglishText']","item/ReasonFrenchText":"@triggerOutputs()?['body/ReasonFrenchText']","item/RecordCount":"@triggerOutputs()?['body/RecordCount']","item/Status":"@triggerOutputs()?['body/Status']","item/VisitorCount":"@triggerOutputs()?['body/VisitorCount']","item/VisitorReason":"@triggerOutputs()?['body/VisitorReason']","item/MissionCritical":false},"authentication":"@parameters('$authentication')"}}},"runAfter":{"Filter_array":["Succeeded"]},"else":{"actions":{"Create_item":{"runAfter":{},"type":"OpenApiConnection","inputs":{"host":{"apiId":"/providers/Microsoft.PowerApps/apis/shared_sharepointonline","connectionName":"shared_sharepointonline","operationId":"PostItem"},"parameters":{"dataset":"https://007gc.sharepoint.com/sites/RapportdeRetourauLieudeTravail-ReturntotheWorkplaceReporting","table":"AccessRequest_Trace","item/Title":"@triggerOutputs()?['body/Title']","item/EmployeeLogin":"@triggerOutputs()?['body/EmployeeLogin']","item/EmployeeName":"@triggerOutputs()?['body/EmployeeName']","item/ManagerLogin":"@triggerOutputs()?['body/ManagerLogin']","item/ManagerName":"@triggerOutputs()?['body/ManagerName']","item/SeriesID":"@triggerOutputs()?['body/SeriesID']","item/EntryDate":"@triggerOutputs()?['body/EntryDate']","item/EntryDateID":"@triggerOutputs()?['body/EntryDateID']","item/BuildingID":"@triggerOutputs()?['body/BuildingID']","item/FloorID":"@triggerOutputs()?['body/FloorID']","item/EmployeeEmail":"@triggerOutputs()?['body/EmployeeEmail']","item/ManagerEmail":"@triggerOutputs()?['body/ManagerEmail']","item/StartHour":"@triggerOutputs()?['body/StartHour']","item/EndHour":"@triggerOutputs()?['body/EndHour']","item/CheckIn":"@triggerOutputs()?['body/CheckIn']","item/CheckOut":"@triggerOutputs()?['body/CheckOut']","item/CheckOutTime":"@triggerOutputs()?['body/CheckOutTime']","item/EquipmentEnglishText":"@triggerOutputs()?['body/EquipmentEnglishText']","item/EquipmentFrenchText":"@triggerOutputs()?['body/EquipmentFrenchText']","item/ReasonDetail":"@triggerOutputs()?['body/ReasonDetail']","item/ReasonEnglishText":"@triggerOutputs()?['body/ReasonEnglishText']","item/ReasonFrenchText":"@triggerOutputs()?['body/ReasonFrenchText']","item/RecordCount":"@triggerOutputs()?['body/RecordCount']","item/Status":"@triggerOutputs()?['body/Status']","item/VisitorCount":"@triggerOutputs()?['body/VisitorCount']","item/VisitorReason":"@triggerOutputs()?['body/VisitorReason']","item/MissionCritical":false},"authentication":"@parameters('$authentication')"}}}},"expression":{"greater":["@length(body('Filter_array'))",0]},"type":"If"},"Filter_array":{"runAfter":{"Get_AccessRequest_Trace":["Succeeded"]},"type":"Query","inputs":{"from":"@outputs('Get_AccessRequest_Trace')?['body/value']","where":"@equals(item()?['Title'], string(triggerOutputs()?['body/Title']))"}},"Get_AccessRequest_Trace":{"runAfter":{},"type":"OpenApiConnection","inputs":{"host":{"apiId":"/providers/Microsoft.PowerApps/apis/shared_sharepointonline","connectionName":"shared_sharepointonline","operationId":"GetItems"},"parameters":{"dataset":"https://007gc.sharepoint.com/sites/RapportdeRetourauLieudeTravail-ReturntotheWorkplaceReporting","table":"5653942e-d3f2-4f5f-9443-eb2b65098bce","$filter":"EntryDate eq '@{triggerOutputs()?['body/EntryDate']}'"},"authentication":"@parameters('$authentication')"},"runtimeConfiguration":{"paginationPolicy":{"minimumItemCount":5000}}}}},"connectionReferences":{"shared_sharepointonline":{"connectionName":"9fba5d20584d469d9b05123ff9d6754a","source":"Embedded","id":"/providers/Microsoft.PowerApps/apis/shared_sharepointonline","tier":"NotSpecified"}},"flowFailureAlertSubscribed":false}}