{"name":"e06d557b-94fe-4d40-8c5d-daa185613487","id":"/providers/Microsoft.Flow/flows/e06d557b-94fe-4d40-8c5d-daa185613487","type":"Microsoft.Flow/flows","properties":{"apiId":"/providers/Microsoft.PowerApps/apis/shared_logicflows","displayName":"Prod - Copy O365 to ActiveDirectory Dashboard","definition":{"metadata":{"workflowEntityId":null,"flowclientsuspensionreason":"None","flowclientsuspensiontime":null,"creator":{"id":"3b494673-3d8a-4b13-82e4-f8308d235575","type":"User","tenantId":"740c5fd3-6e8b-4176-9cc9-454dbe4e62c4"},"provisioningMethod":"FromDefinition","failureAlertSubscription":true,"clientLastModifiedTime":"2020-11-16T20:05:22.2266561Z"},"$schema":"https://schema.management.azure.com/providers/Microsoft.Logic/schemas/2016-06-01/workflowdefinition.json#","contentVersion":"1.0.0.0","parameters":{"$connections":{"defaultValue":{},"type":"Object"},"$authentication":{"defaultValue":{},"type":"SecureObject"}},"triggers":{"When_an_item_is_created_in_UserSetting":{"recurrence":{"frequency":"Minute","interval":5},"splitOn":"@triggerOutputs()?['body/value']","type":"OpenApiConnection","inputs":{"host":{"apiId":"/providers/Microsoft.PowerApps/apis/shared_sharepointonline","connectionName":"shared_sharepointonline","operationId":"GetOnNewItems"},"parameters":{"dataset":"https://007gc.sharepoint.com/sites/RetourauLieudeTravail-ReturntotheWorkplace","table":"fa66bc9a-7c6b-468e-b5a7-a90be0fe7c57"},"authentication":"@parameters('$authentication')"}}},"actions":{"Create_item":{"runAfter":{"Get_user_profile_(V2)":["Succeeded"]},"type":"OpenApiConnection","inputs":{"host":{"apiId":"/providers/Microsoft.PowerApps/apis/shared_sharepointonline","connectionName":"shared_sharepointonline","operationId":"PostItem"},"parameters":{"dataset":"https://007gc.sharepoint.com/sites/RapportdeRetourauLieudeTravail-ReturntotheWorkplaceReporting","table":"d7da7dd2-9712-4d40-9952-da08a4fa4377","item/Title":"@triggerOutputs()?['body/ID']","item/O365LoginName":"@triggerOutputs()?['body/ID']","item/SectorBranch":"@split(outputs('Get_user_profile_(V2)')?['body/officeLocation'], '-')[0]"},"authentication":"@parameters('$authentication')"}},"Get_user_profile_(V2)":{"runAfter":{},"type":"OpenApiConnection","inputs":{"host":{"apiId":"/providers/Microsoft.PowerApps/apis/shared_office365users","connectionName":"shared_office365users","operationId":"UserProfile_V2"},"parameters":{"id":"@triggerOutputs()?['body/Title']"},"authentication":"@parameters('$authentication')"}}}},"connectionReferences":{"shared_sharepointonline":{"connectionName":"9fba5d20584d469d9b05123ff9d6754a","source":"Embedded","id":"/providers/Microsoft.PowerApps/apis/shared_sharepointonline","tier":"NotSpecified"},"shared_office365users":{"connectionName":"5e412e9666f24df1ae5042254915ee16","source":"Embedded","id":"/providers/Microsoft.PowerApps/apis/shared_office365users","tier":"NotSpecified"}},"flowFailureAlertSubscribed":false}}