{"schemaVersion":"1.0","appDefinitionTemplate":{"id":"/providers/Microsoft.PowerApps/apps/","type":"Microsoft.PowerApps/apps","tags":{"primaryDeviceWidth":"640","primaryDeviceHeight":"1136","sienaVersion":"20201120T141403Z-3.20111.47.0","deviceCapabilities":"","supportsPortrait":"true","supportsLandscape":"false","primaryFormFactor":"Phone","publisherVersion":"3.20111.47","minimumRequiredApiVersion":"2.2.0","hasComponent":"false","hasUnlockedComponent":"false","isUnifiedRootApp":"false"},"properties":{"appVersion":"2020-11-20T14:14:03Z","lifeCycleId":"Published","createdByClientVersion":{"major":3,"minor":20111,"build":47,"revision":0,"majorRevision":0,"minorRevision":0},"minClientVersion":{"major":3,"minor":20111,"build":47,"revision":0,"majorRevision":0,"minorRevision":0},"backgroundColor":"rgba(81, 92, 107, 1)","backgroundImageUri":"/489420003639647272/N33ac0b55-9e2f-4e02-ba9d-f4cd65e5507f-logoSmallFile","displayName":"Retour au Lieu de Travail - Return to the Workplace - For Export","description":"Environnement et Changement climatique Canada s'est engagé à veiller à ce que la santé et la sécurité de chaque employé soient protégées pendant qu'il travaille.\n\nAu milieu de la pandémie de COVID-19, cette application a été développée pour favoriser un retour sécuritaire, organisé et progressif sur les lieux de travail d'Environnement et Changement climatique Canada.\n\nL'application permet aux employés de demander l'accès aux sites d'Environnement et Changement climatique Canada et aux gestionnaires de surveiller, d'examiner et d'approuver les demandes des employés.\n\n--\n\nEnvironment and Climate Change Canada is committed to ensuring that the health and safety of every employee is protected while they are at work.\n\nIn the midst of the COVID-19 pandemic, this app was developed to support a safe, organized and gradual return to Environment and Climate Change Canada workplaces.\n\nThe app allows employees to request access to Environment and Climate Change Canada workplace sites, and managers to monitor, review and approve employee requests.","commitMessage":"Cleaned up for export","appUris":{"documentUri":{"value":"/489420003639647272/N433b0b5e-8e64-4c83-9e06-a17f80172cb4-document.msapp"},"imageUris":[]},"createdTime":"0001-01-01T00:00:00Z","lastModifiedTime":"0001-01-01T00:00:00Z","sharedGroupsCount":0,"sharedUsersCount":0,"icons":{"smallIconUri":"/489420003639647272/N33d2c8a8-5994-462a-96ef-c7794ac6e1f4-small.png","mediumIconUri":"/489420003639647272/Nafc23b57-cde0-4140-ba4c-ff80de58de17-medium.png","largeIconUri":"/489420003639647272/N684b8281-d759-45b2-8678-452758aa9243-large.png","wideIconUri":"/489420003639647272/N664d391b-d2d9-4ef6-95fb-e5f61fc57387-wide.png"},"connectionReferences":{},"databaseReferences":{},"almMode":"Environment","performanceOptimizationEnabled":true,"canConsumeAppPass":true,"executionRestrictions":{"isTeamsOnly":false,"dataLossPreventionEvaluationResult":{"status":"Compliant","lastEvaluationDate":"2020-11-05T14:07:46.7005811Z","violationDetails":[]}}},"isAppComponentLibrary":false,"appType":"ClassicCanvasApp","appComponents":[]}}