{"name":"8a0ded7a-3be9-4542-8735-0368b46f8072","id":"/providers/Microsoft.Flow/flows/8a0ded7a-3be9-4542-8735-0368b46f8072","type":"Microsoft.Flow/flows","properties":{"apiId":"/providers/Microsoft.PowerApps/apis/shared_logicflows","displayName":"Prod - Copy AccessRequests to AccessRequest Dashboard","definition":{"metadata":{"workflowEntityId":null,"flowclientsuspensionreason":"None","flowclientsuspensiontime":null,"creator":{"id":"3b494673-3d8a-4b13-82e4-f8308d235575","type":"User","tenantId":"740c5fd3-6e8b-4176-9cc9-454dbe4e62c4"},"provisioningMethod":"FromDefinition","failureAlertSubscription":true,"clientLastModifiedTime":"2020-11-18T15:11:14.0692939Z"},"$schema":"https://schema.management.azure.com/providers/Microsoft.Logic/schemas/2016-06-01/workflowdefinition.json#","contentVersion":"1.0.0.0","parameters":{"$connections":{"defaultValue":{},"type":"Object"},"$authentication":{"defaultValue":{},"type":"SecureObject"}},"triggers":{"When_an_item_is_created_or_modified_in_AccessRequest":{"recurrence":{"frequency":"Minute","interval":5},"splitOn":"@triggerOutputs()?['body/value']","type":"OpenApiConnection","inputs":{"host":{"apiId":"/providers/Microsoft.PowerApps/apis/shared_sharepointonline","connectionName":"shared_sharepointonline","operationId":"GetOnUpdatedItems"},"parameters":{"dataset":"https://007gc.sharepoint.com/sites/RetourauLieudeTravail-ReturntotheWorkplace","table":"36e39b82-b729-4441-a9f0-1217381da0a2"},"authentication":"@parameters('$authentication')"}}},"actions":{"Get_AccessRequest_Dashboard":{"runAfter":{},"type":"OpenApiConnection","inputs":{"host":{"apiId":"/providers/Microsoft.PowerApps/apis/shared_sharepointonline","connectionName":"shared_sharepointonline","operationId":"GetItems"},"parameters":{"dataset":"https://007gc.sharepoint.com/sites/RapportdeRetourauLieudeTravail-ReturntotheWorkplaceReporting","table":"76c4a63d-b069-49c5-a00e-a25f014043a4","$filter":"Title eq '@{triggerOutputs()?['body/Title']}'"},"authentication":"@parameters('$authentication')"},"runtimeConfiguration":{"paginationPolicy":{"minimumItemCount":5000}}},"Condition:_Update_or_Create":{"actions":{"Update_item":{"runAfter":{},"type":"OpenApiConnection","inputs":{"host":{"apiId":"/providers/Microsoft.PowerApps/apis/shared_sharepointonline","connectionName":"shared_sharepointonline","operationId":"PatchItem"},"parameters":{"dataset":"https://007gc.sharepoint.com/sites/RapportdeRetourauLieudeTravail-ReturntotheWorkplaceReporting","table":"76c4a63d-b069-49c5-a00e-a25f014043a4","id":"@first(outputs('Get_AccessRequest_Dashboard')?['body/value'])?['ID']","item/Title":"@triggerOutputs()?['body/Title']","item/EntryDate":"@triggerOutputs()?['body/EntryDate']","item/EntryDateID":"@triggerOutputs()?['body/EntryDateID']","item/FloorID":"@triggerOutputs()?['body/FloorID']","item/EmployeeLogin":"@null","item/EmployeeEmail":"@first(outputs('Get_UserSetting')?['body/value'])?['ID']","item/EmployeeName":"@null","item/ManagerLogin":"@null","item/ManagerEmail":"@null","item/ManagerName":"@null","item/StartHour":"@triggerOutputs()?['body/StartHour']","item/EndHour":"@triggerOutputs()?['body/EndHour']","item/EquipmentEnglishText":"@triggerOutputs()?['body/EquipmentEnglishText']","item/EquipmentFrenchText":"@triggerOutputs()?['body/EquipmentFrenchText']","item/ReasonDetail":"@null","item/ReasonEnglishText":"@triggerOutputs()?['body/ReasonEnglishText']","item/ReasonFrenchText":"@triggerOutputs()?['body/ReasonFrenchText']","item/Status":"@triggerOutputs()?['body/Status']","item/VisitorCount":"@triggerOutputs()?['body/VisitorCount']","item/BuildingID":"@triggerOutputs()?['body/BuildingID']"},"authentication":"@parameters('$authentication')"}}},"runAfter":{"Get_UserSetting":["Succeeded"]},"else":{"actions":{"Create_item":{"runAfter":{},"type":"OpenApiConnection","inputs":{"host":{"apiId":"/providers/Microsoft.PowerApps/apis/shared_sharepointonline","connectionName":"shared_sharepointonline","operationId":"PostItem"},"parameters":{"dataset":"https://007gc.sharepoint.com/sites/RapportdeRetourauLieudeTravail-ReturntotheWorkplaceReporting","table":"76c4a63d-b069-49c5-a00e-a25f014043a4","item/Title":"@triggerOutputs()?['body/Title']","item/EntryDate":"@triggerOutputs()?['body/EntryDate']","item/EntryDateID":"@triggerOutputs()?['body/EntryDateID']","item/FloorID":"@triggerOutputs()?['body/FloorID']","item/EmployeeLogin":"@null","item/EmployeeEmail":"@first(outputs('Get_UserSetting')?['body/value'])?['ID']","item/EmployeeName":"@null","item/ManagerLogin":"@null","item/ManagerEmail":"@null","item/ManagerName":"@null","item/StartHour":"@triggerOutputs()?['body/StartHour']","item/EndHour":"@triggerOutputs()?['body/EndHour']","item/EquipmentEnglishText":"@triggerOutputs()?['body/EquipmentEnglishText']","item/EquipmentFrenchText":"@triggerOutputs()?['body/EquipmentFrenchText']","item/ReasonDetail":"@null","item/ReasonEnglishText":"@triggerOutputs()?['body/ReasonEnglishText']","item/ReasonFrenchText":"@triggerOutputs()?['body/ReasonFrenchText']","item/Status":"@triggerOutputs()?['body/Status']","item/VisitorCount":"@triggerOutputs()?['body/VisitorCount']","item/BuildingID":"@triggerOutputs()?['body/BuildingID']"},"authentication":"@parameters('$authentication')"}}}},"expression":{"greater":["@length(outputs('Get_AccessRequest_Dashboard')?['body/value'])",0]},"type":"If"},"Get_UserSetting":{"runAfter":{"Get_AccessRequest_Dashboard":["Succeeded"]},"type":"OpenApiConnection","inputs":{"host":{"apiId":"/providers/Microsoft.PowerApps/apis/shared_sharepointonline","connectionName":"shared_sharepointonline","operationId":"GetItems"},"parameters":{"dataset":"https://007gc.sharepoint.com/sites/RetourauLieudeTravail-ReturntotheWorkplace","table":"fa66bc9a-7c6b-468e-b5a7-a90be0fe7c57","$filter":"Title eq '@{triggerOutputs()?['body/EmployeeEmail']}'"},"authentication":"@parameters('$authentication')"},"runtimeConfiguration":{"paginationPolicy":{"minimumItemCount":5000}}}}},"connectionReferences":{"shared_sharepointonline":{"connectionName":"9fba5d20584d469d9b05123ff9d6754a","source":"Embedded","id":"/providers/Microsoft.PowerApps/apis/shared_sharepointonline","tier":"NotSpecified"}},"flowFailureAlertSubscribed":false}}