{"name":"2b961fbe-2a5d-40be-98e8-965bf00cd590","id":"/providers/Microsoft.Flow/flows/2b961fbe-2a5d-40be-98e8-965bf00cd590","type":"Microsoft.Flow/flows","properties":{"apiId":"/providers/Microsoft.PowerApps/apis/shared_logicflows","displayName":"Prod - AccessRequest to Equipment_Dashboard","definition":{"metadata":{"workflowEntityId":null,"flowclientsuspensionreason":"None","flowclientsuspensiontime":null,"creator":{"id":"3b494673-3d8a-4b13-82e4-f8308d235575","type":"User","tenantId":"740c5fd3-6e8b-4176-9cc9-454dbe4e62c4"},"provisioningMethod":"FromDefinition","failureAlertSubscription":true,"clientLastModifiedTime":"2020-11-19T13:22:47.789909Z"},"$schema":"https://schema.management.azure.com/providers/Microsoft.Logic/schemas/2016-06-01/workflowdefinition.json#","contentVersion":"1.0.0.0","parameters":{"$connections":{"defaultValue":{},"type":"Object"},"$authentication":{"defaultValue":{},"type":"SecureObject"}},"triggers":{"When_an_item_is_created_or_modified":{"recurrence":{"frequency":"Minute","interval":5},"splitOn":"@triggerOutputs()?['body/value']","type":"OpenApiConnection","inputs":{"host":{"apiId":"/providers/Microsoft.PowerApps/apis/shared_sharepointonline","connectionName":"shared_sharepointonline_1","operationId":"GetOnUpdatedItems"},"parameters":{"dataset":"https://007gc.sharepoint.com/sites/RetourauLieudeTravail-ReturntotheWorkplace","table":"36e39b82-b729-4441-a9f0-1217381da0a2"},"authentication":"@parameters('$authentication')"}}},"actions":{"Is_the_reason_to_pick_up_equipment_and_is_the_request_approved":{"actions":{"Get_Building":{"runAfter":{},"type":"OpenApiConnection","inputs":{"host":{"apiId":"/providers/Microsoft.PowerApps/apis/shared_sharepointonline","connectionName":"shared_sharepointonline_1","operationId":"GetItems"},"parameters":{"dataset":"https://007gc.sharepoint.com/sites/RetourauLieudeTravail-ReturntotheWorkplace","table":"c81bd0d5-8d0f-4182-ba3f-43e51978bbcf","$filter":"Title eq '@{triggerOutputs()?['body/BuildingID']}'"},"authentication":"@parameters('$authentication')"},"runtimeConfiguration":{"paginationPolicy":{"minimumItemCount":5000}}},"Get_Equipment_Dashboard_items":{"runAfter":{"Get_Building":["Succeeded"]},"type":"OpenApiConnection","inputs":{"host":{"apiId":"/providers/Microsoft.PowerApps/apis/shared_sharepointonline","connectionName":"shared_sharepointonline_1","operationId":"GetItems"},"parameters":{"dataset":"https://007gc.sharepoint.com/sites/RapportdeRetourauLieudeTravail-ReturntotheWorkplaceReporting","table":"d86c043c-42b3-4861-91a2-8a412818eef5","$filter":"Title eq '@{triggerOutputs()?['body/Title']}'"},"authentication":"@parameters('$authentication')"},"runtimeConfiguration":{"paginationPolicy":{"minimumItemCount":5000}}},"If_there_is_a_record_found,_update,_otherwise_create":{"actions":{"Update_item":{"runAfter":{},"type":"OpenApiConnection","inputs":{"host":{"apiId":"/providers/Microsoft.PowerApps/apis/shared_sharepointonline","connectionName":"shared_sharepointonline_1","operationId":"PatchItem"},"parameters":{"dataset":"https://007gc.sharepoint.com/sites/RapportdeRetourauLieudeTravail-ReturntotheWorkplaceReporting","table":"d86c043c-42b3-4861-91a2-8a412818eef5","id":"@first(outputs('Get_Equipment_Dashboard_items')?['body/value'])?['ID']","item/Title":"@triggerOutputs()?['body/Title']","item/EmployeeName":"@triggerOutputs()?['body/EmployeeName']","item/Status":"@triggerOutputs()?['body/Status']","item/EntryDate":"@triggerOutputs()?['body/EntryDate']","item/pqzf":"@first(outputs('Get_Building')?['body/value'])?['RegionEnglishText']","item/dc7r":"@first(outputs('Get_Building')?['body/value'])?['BuildingEnglishText']","item/EquipmentEnglishText":"@triggerOutputs()?['body/EquipmentEnglishText']","item/EquipmentFrenchText":"@triggerOutputs()?['body/EquipmentFrenchText']","item/EmployeeEmail":"@triggerOutputs()?['body/EmployeeLogin']","item/OData__x0077_rd5":"@outputs('Get_user_profile_(V2)')?['body/officeLocation']","item/ManagerEmail":"@triggerOutputs()?['body/ManagerEmail']","item/ManagerName":"@triggerOutputs()?['body/ManagerName']","item/EmployeeLogin":"@triggerOutputs()?['body/EmployeeLogin']","item/ManagerLogin":"@triggerOutputs()?['body/ManagerLogin']","item/ReasonDetail":"@triggerOutputs()?['body/ReasonDetail']","item/SeriesID":"@triggerOutputs()?['body/SeriesID']"},"authentication":"@parameters('$authentication')"}}},"runAfter":{"Get_user_profile_(V2)":["Succeeded"]},"else":{"actions":{"Create_item":{"runAfter":{},"type":"OpenApiConnection","inputs":{"host":{"apiId":"/providers/Microsoft.PowerApps/apis/shared_sharepointonline","connectionName":"shared_sharepointonline_1","operationId":"PostItem"},"parameters":{"dataset":"https://007gc.sharepoint.com/sites/RapportdeRetourauLieudeTravail-ReturntotheWorkplaceReporting","table":"d86c043c-42b3-4861-91a2-8a412818eef5","item/Title":"@triggerOutputs()?['body/Title']","item/EmployeeName":"@triggerOutputs()?['body/EmployeeName']","item/Status":"@triggerOutputs()?['body/Status']","item/EntryDate":"@triggerOutputs()?['body/EntryDate']","item/pqzf":"@first(outputs('Get_Building')?['body/value'])?['RegionEnglishText']","item/dc7r":"@first(outputs('Get_Building')?['body/value'])?['BuildingEnglishText']","item/EquipmentEnglishText":"@triggerOutputs()?['body/EquipmentEnglishText']","item/EquipmentFrenchText":"@triggerOutputs()?['body/EquipmentFrenchText']","item/EmployeeEmail":"@triggerOutputs()?['body/EmployeeEmail']","item/OData__x0077_rd5":"@outputs('Get_user_profile_(V2)')?['body/officeLocation']","item/ManagerEmail":"@triggerOutputs()?['body/ManagerEmail']","item/ManagerName":"@triggerOutputs()?['body/ManagerName']","item/EmployeeLogin":"@triggerOutputs()?['body/EmployeeLogin']","item/ManagerLogin":"@triggerOutputs()?['body/ManagerLogin']","item/ReasonDetail":"@triggerOutputs()?['body/ReasonDetail']","item/SeriesID":"@triggerOutputs()?['body/SeriesID']"},"authentication":"@parameters('$authentication')"}}}},"expression":{"greater":["@length(outputs('Get_Equipment_Dashboard_items')?['body/value'])",0]},"type":"If"},"Get_user_profile_(V2)":{"runAfter":{"Get_Equipment_Dashboard_items":["Succeeded"]},"type":"OpenApiConnection","inputs":{"host":{"apiId":"/providers/Microsoft.PowerApps/apis/shared_office365users","connectionName":"shared_office365users","operationId":"UserProfile_V2"},"parameters":{"id":"@triggerOutputs()?['body/EmployeeEmail']"},"authentication":"@parameters('$authentication')"}}},"runAfter":{},"else":{"actions":{"If_it_is_not_approved,_has_it_been_cancelled_or_deleted":{"actions":{"Get_Equipment_Dashboard_items_2":{"runAfter":{},"type":"OpenApiConnection","inputs":{"host":{"apiId":"/providers/Microsoft.PowerApps/apis/shared_sharepointonline","connectionName":"shared_sharepointonline_1","operationId":"GetItems"},"parameters":{"dataset":"https://007gc.sharepoint.com/sites/RapportdeRetourauLieudeTravail-ReturntotheWorkplaceReporting","table":"d86c043c-42b3-4861-91a2-8a412818eef5","$filter":"Title eq '@{triggerOutputs()?['body/Title']}'"},"authentication":"@parameters('$authentication')"}},"Delete_item":{"runAfter":{"Get_Equipment_Dashboard_items_2":["Succeeded"]},"type":"OpenApiConnection","inputs":{"host":{"apiId":"/providers/Microsoft.PowerApps/apis/shared_sharepointonline","connectionName":"shared_sharepointonline_1","operationId":"DeleteItem"},"parameters":{"dataset":"https://007gc.sharepoint.com/sites/RapportdeRetourauLieudeTravail-ReturntotheWorkplaceReporting","table":"d86c043c-42b3-4861-91a2-8a412818eef5","id":"@first(outputs('Get_Equipment_Dashboard_items_2')?['body/value'])?['ID']"},"authentication":"@parameters('$authentication')"}}},"runAfter":{},"expression":{"and":[{"equals":["@triggerOutputs()?['body/ReasonEnglishText']","Pick up office equipment"]},{"or":[{"equals":["@triggerOutputs()?['body/Status']","C"]},{"equals":["@triggerOutputs()?['body/Status']","D"]}]}]},"type":"If"}}},"expression":{"and":[{"equals":["@triggerOutputs()?['body/ReasonEnglishText']","Pick up office equipment"]},{"equals":["@triggerOutputs()?['body/Status']","A"]}]},"type":"If"}}},"connectionReferences":{"shared_sharepointonline_1":{"connectionName":"9fba5d20584d469d9b05123ff9d6754a","source":"Embedded","id":"/providers/Microsoft.PowerApps/apis/shared_sharepointonline","tier":"NotSpecified"},"shared_office365users":{"connectionName":"5e412e9666f24df1ae5042254915ee16","source":"Embedded","id":"/providers/Microsoft.PowerApps/apis/shared_office365users","tier":"NotSpecified"}},"flowFailureAlertSubscribed":false}}