{"name":"3dea4375-0192-4a1b-a5bb-24a7c2bbccf6","id":"/providers/Microsoft.Flow/flows/3dea4375-0192-4a1b-a5bb-24a7c2bbccf6","type":"Microsoft.Flow/flows","properties":{"apiId":"/providers/Microsoft.PowerApps/apis/shared_logicflows","displayName":"Prod - Copy VisitorLog to VisitorLog_Trace","definition":{"metadata":{"workflowEntityId":null,"flowclientsuspensionreason":"None","flowclientsuspensiontime":null,"creator":{"id":"437f5926-5eb7-45a1-b278-904a9439b04a","type":"User","tenantId":"740c5fd3-6e8b-4176-9cc9-454dbe4e62c4"},"provisioningMethod":"FromDefinition","failureAlertSubscription":true,"clientLastModifiedTime":"2020-11-18T21:02:39.9017699Z"},"$schema":"https://schema.management.azure.com/providers/Microsoft.Logic/schemas/2016-06-01/workflowdefinition.json#","contentVersion":"1.0.0.0","parameters":{"$connections":{"defaultValue":{},"type":"Object"},"$authentication":{"defaultValue":{},"type":"SecureObject"}},"triggers":{"When_an_item_is_created_or_modified":{"recurrence":{"frequency":"Minute","interval":5},"splitOn":"@triggerOutputs()?['body/value']","type":"OpenApiConnection","inputs":{"host":{"apiId":"/providers/Microsoft.PowerApps/apis/shared_sharepointonline","connectionName":"shared_sharepointonline_1","operationId":"GetOnUpdatedItems"},"parameters":{"dataset":"https://007gc.sharepoint.com/sites/RetourauLieudeTravail-ReturntotheWorkplace","table":"edf85939-3530-4698-b285-e3ac9645c9c9"},"authentication":"@parameters('$authentication')"}}},"actions":{"Get_VisitorLog_Trace":{"runAfter":{},"type":"OpenApiConnection","inputs":{"host":{"apiId":"/providers/Microsoft.PowerApps/apis/shared_sharepointonline","connectionName":"shared_sharepointonline_1","operationId":"GetItems"},"parameters":{"dataset":"https://007gc.sharepoint.com/sites/RapportdeRetourauLieudeTravail-ReturntotheWorkplaceReporting","table":"cedd6622-de7f-492e-9728-bb122e77f027","$filter":"Title eq '@{triggerOutputs()?['body/Title']}'"},"authentication":"@parameters('$authentication')"},"runtimeConfiguration":{"paginationPolicy":{"minimumItemCount":5000}}},"Condition":{"actions":{"Update_item":{"runAfter":{},"type":"OpenApiConnection","inputs":{"host":{"apiId":"/providers/Microsoft.PowerApps/apis/shared_sharepointonline","connectionName":"shared_sharepointonline_1","operationId":"PatchItem"},"parameters":{"dataset":"https://007gc.sharepoint.com/sites/RapportdeRetourauLieudeTravail-ReturntotheWorkplaceReporting","table":"cedd6622-de7f-492e-9728-bb122e77f027","id":"@first(outputs('Get_VisitorLog_Trace')?['body/value'])?['ID']","item/Title":"@triggerOutputs()?['body/Title']","item/AccessRequestID":"@triggerOutputs()?['body/Title']","item/VisitorName":"@triggerOutputs()?['body/VisitorName']","item/VisitorEmail":"@triggerOutputs()?['body/VisitorEmail']","item/VisitorPhone":"@triggerOutputs()?['body/VisitorPhone']"},"authentication":"@parameters('$authentication')"}}},"runAfter":{"Get_VisitorLog_Trace":["Succeeded"]},"else":{"actions":{"Create_item":{"runAfter":{},"type":"OpenApiConnection","inputs":{"host":{"apiId":"/providers/Microsoft.PowerApps/apis/shared_sharepointonline","connectionName":"shared_sharepointonline_1","operationId":"PostItem"},"parameters":{"dataset":"https://007gc.sharepoint.com/sites/RapportdeRetourauLieudeTravail-ReturntotheWorkplaceReporting","table":"cedd6622-de7f-492e-9728-bb122e77f027","item/Title":"@triggerOutputs()?['body/Title']","item/AccessRequestID":"@triggerOutputs()?['body/Title']","item/VisitorName":"@triggerOutputs()?['body/VisitorName']","item/VisitorEmail":"@triggerOutputs()?['body/VisitorEmail']","item/VisitorPhone":"@triggerOutputs()?['body/VisitorPhone']"},"authentication":"@parameters('$authentication')"}}}},"expression":{"greater":["@length(outputs('Get_VisitorLog_Trace')?['body/value'])",0]},"type":"If"}}},"connectionReferences":{"shared_sharepointonline_1":{"connectionName":"9fba5d20584d469d9b05123ff9d6754a","source":"Embedded","id":"/providers/Microsoft.PowerApps/apis/shared_sharepointonline","tier":"NotSpecified"}},"flowFailureAlertSubscribed":false}}